﻿{
    "teleporter": "Choose your destination:",
    "gold": "Gold",
    "no": "No",
    "cancel": "Cancel",
    "sparkle": "Despite what you thought you saw, there does not seem to be anything here.",
    "betaNotice":"Please note that this is a {$0} version and may contain issues or bugs, use at your own risk!", 
    /* 0 = Amount of item; 1 = Name of item */
    "yesCost": "Yes (Costs {$0} {$1})",
    /* 0 = Name of item */
    "notEnough":"You do not have enough {$0} for this."
}